[
  {
    "id": "60a61e00-8009-422e-9d32-56de7ce6c9ec",
    "data": [
      {
        "text": "any ",
        "userDefined": false
      },
      {
        "text": "pop",
        "meta": "@music-genre",
        "alias": "genre",
        "userDefined": false
      },
      {
        "text": "?",
        "userDefined": false
      }
    ],
    "isTemplate": false,
    "count": 0,
    "lang": "en",
    "updated": 0
  },
  {
    "id": "39393d78-73ed-4f1a-a04b-0c21e5726b58",
    "data": [
      {
        "text": "what about ",
        "userDefined": false
      },
      {
        "text": "technopop",
        "meta": "@music-genre",
        "alias": "genre",
        "userDefined": true
      }
    ],
    "isTemplate": false,
    "count": 0,
    "lang": "en",
    "updated": 0
  },
  {
    "id": "0134233b-f787-48b8-9fc5-280dd5ed8f70",
    "data": [
      {
        "text": "ya some ",
        "userDefined": false
      },
      {
        "text": "rock",
        "meta": "@music-genre",
        "alias": "genre",
        "userDefined": false
      }
    ],
    "isTemplate": false,
    "count": 0,
    "lang": "en",
    "updated": 0
  },
  {
    "id": "b9e058eb-8ef7-45b1-8267-33c238bf5c9a",
    "data": [
      {
        "text": "sure something from the ",
        "userDefined": false
      },
      {
        "text": "techno pop",
        "meta": "@music-genre",
        "alias": "genre",
        "userDefined": false
      },
      {
        "text": " genre",
        "userDefined": false
      }
    ],
    "isTemplate": false,
    "count": 0,
    "lang": "en",
    "updated": 0
  },
  {
    "id": "dd04c4f6-11e5-45cc-ad3b-164d39bc5320",
    "data": [
      {
        "text": "rock alternative",
        "meta": "@music-genre",
        "alias": "genre",
        "userDefined": false
      }
    ],
    "isTemplate": false,
    "count": 0,
    "lang": "en",
    "updated": 0
  },
  {
    "id": "92b01122-a80b-480a-b30b-68fbf779b649",
    "data": [
      {
        "text": "alternative rock",
        "meta": "@music-genre",
        "alias": "genre",
        "userDefined": true
      },
      {
        "text": " is always good to listen to",
        "userDefined": false
      }
    ],
    "isTemplate": false,
    "count": 0,
    "lang": "en",
    "updated": 0
  },
  {
    "id": "a2ab4c53-e109-48f0-b48b-5f5ffa30a293",
    "data": [
      {
        "text": "whats great in the ",
        "userDefined": false
      },
      {
        "text": "kpop",
        "meta": "@music-genre",
        "alias": "genre",
        "userDefined": false
      },
      {
        "text": " category",
        "userDefined": false
      }
    ],
    "isTemplate": false,
    "count": 0,
    "lang": "en",
    "updated": 0
  },
  {
    "id": "705ecdeb-95b8-47b4-8952-7f4fbd7b5b60",
    "data": [
      {
        "text": "I\u0027d like to listen to more ",
        "userDefined": false
      },
      {
        "text": "japanese rock",
        "meta": "@music-genre",
        "alias": "genre",
        "userDefined": false
      }
    ],
    "isTemplate": false,
    "count": 0,
    "lang": "en",
    "updated": 0
  },
  {
    "id": "a28275fa-2665-4a0a-ba2d-cd2b2e24c5c6",
    "data": [
      {
        "text": "how about some ",
        "userDefined": false
      },
      {
        "text": "heavy metal",
        "meta": "@music-genre",
        "alias": "genre",
        "userDefined": false
      }
    ],
    "isTemplate": false,
    "count": 0,
    "lang": "en",
    "updated": 0
  },
  {
    "id": "a21f9729-a2fb-4bc5-a914-e566caa8cd73",
    "data": [
      {
        "text": "soft rock",
        "meta": "@music-genre",
        "alias": "genre",
        "userDefined": true
      },
      {
        "text": " sounds nice",
        "userDefined": false
      }
    ],
    "isTemplate": false,
    "count": 0,
    "lang": "en",
    "updated": 0
  },
  {
    "id": "4a7f4e37-5400-4f92-991c-62c4e6f18780",
    "data": [
      {
        "text": "I\u0027ve been listening to a lot of ",
        "userDefined": false
      },
      {
        "text": "alternative",
        "meta": "@music-genre",
        "alias": "genre",
        "userDefined": true
      },
      {
        "text": " lately",
        "userDefined": false
      }
    ],
    "isTemplate": false,
    "count": 0,
    "lang": "en",
    "updated": 0
  },
  {
    "id": "b10dc25f-761e-4a26-8858-265e5c474c26",
    "data": [
      {
        "text": "what about some ",
        "userDefined": false
      },
      {
        "text": "indie",
        "meta": "@music-genre",
        "alias": "genre",
        "userDefined": false
      }
    ],
    "isTemplate": false,
    "count": 0,
    "lang": "en",
    "updated": 0
  },
  {
    "id": "707918d0-6216-4f7b-949c-ce21edc54754",
    "data": [
      {
        "text": "If",
        "userDefined": false
      },
      {
        "text": " ",
        "userDefined": false
      },
      {
        "text": "it",
        "userDefined": false
      },
      {
        "text": "\u0027s in the ",
        "userDefined": false
      },
      {
        "text": "Pop",
        "meta": "@music-genre",
        "alias": "genre",
        "userDefined": false
      },
      {
        "text": " genre that\u0027",
        "userDefined": false
      },
      {
        "text": "d",
        "userDefined": false
      },
      {
        "text": " ",
        "userDefined": false
      },
      {
        "text": "be",
        "userDefined": false
      },
      {
        "text": " ",
        "userDefined": false
      },
      {
        "text": "good",
        "userDefined": false
      }
    ],
    "isTemplate": false,
    "count": 0,
    "lang": "en",
    "updated": 0
  },
  {
    "id": "5be1d1b9-3bc4-4898-b0a4-c78f378955f2",
    "data": [
      {
        "text": "all kinds of ",
        "userDefined": false
      },
      {
        "text": "pop",
        "meta": "@music-genre",
        "alias": "genre",
        "userDefined": false
      }
    ],
    "isTemplate": false,
    "count": 0,
    "lang": "en",
    "updated": 0
  },
  {
    "id": "e50e89fd-280d-4664-a9f7-95633f9cdc86",
    "data": [
      {
        "text": "any kind of ",
        "userDefined": false
      },
      {
        "text": "rap",
        "meta": "@music-genre",
        "alias": "genre",
        "userDefined": false
      }
    ],
    "isTemplate": false,
    "count": 0,
    "lang": "en",
    "updated": 0
  },
  {
    "id": "4c659892-b112-4b34-8923-d44bf55df222",
    "data": [
      {
        "text": "any ",
        "userDefined": false
      },
      {
        "text": "metal",
        "meta": "@music-genre",
        "alias": "genre",
        "userDefined": false
      }
    ],
    "isTemplate": false,
    "count": 0,
    "lang": "en",
    "updated": 0
  },
  {
    "id": "57efd921-bb41-4642-a11f-b194bd67f9f7",
    "data": [
      {
        "text": "some ",
        "userDefined": false
      },
      {
        "text": "rock",
        "meta": "@music-genre",
        "alias": "genre",
        "userDefined": false
      }
    ],
    "isTemplate": false,
    "count": 0,
    "lang": "en",
    "updated": 0
  },
  {
    "id": "53434931-4094-4ff8-b7e3-46618e484a9a",
    "data": [
      {
        "text": "what\u0027s similar to ",
        "userDefined": false
      },
      {
        "text": "grunge",
        "meta": "@music-genre",
        "alias": "genre",
        "userDefined": false
      }
    ],
    "isTemplate": false,
    "count": 0,
    "lang": "en",
    "updated": 0
  },
  {
    "id": "71b86da4-b2d8-48c7-bacf-6b57104d58d0",
    "data": [
      {
        "text": "got anything for ",
        "userDefined": false
      },
      {
        "text": "Disco",
        "meta": "@music-genre",
        "alias": "genre",
        "userDefined": false
      },
      {
        "text": "?",
        "userDefined": false
      }
    ],
    "isTemplate": false,
    "count": 0,
    "lang": "en",
    "updated": 0
  },
  {
    "id": "4a263ff4-4e63-4341-94ac-197b0707fc83",
    "data": [
      {
        "text": "I\u0027m curious about ",
        "userDefined": false
      },
      {
        "text": "R\u0026B",
        "meta": "@music-genre",
        "alias": "genre",
        "userDefined": false
      }
    ],
    "isTemplate": false,
    "count": 0,
    "lang": "en",
    "updated": 0
  },
  {
    "id": "90dd452b-24ab-4409-b4db-0c987c077081",
    "data": [
      {
        "text": "absolutely, I really want to explore ",
        "userDefined": false
      },
      {
        "text": "Soul Music",
        "meta": "@music-genre",
        "alias": "genre",
        "userDefined": false
      }
    ],
    "isTemplate": false,
    "count": 0,
    "lang": "en",
    "updated": 0
  },
  {
    "id": "ed73caec-c52f-4576-b1d1-6bad1deecb41",
    "data": [
      {
        "text": "ya, ",
        "userDefined": false
      },
      {
        "text": "Metal",
        "meta": "@music-genre",
        "alias": "genre",
        "userDefined": false
      }
    ],
    "isTemplate": false,
    "count": 0,
    "lang": "en",
    "updated": 0
  },
  {
    "id": "5abb202e-b682-4a80-9bce-4742696d5b8e",
    "data": [
      {
        "text": "yes I love ",
        "userDefined": false
      },
      {
        "text": "Rap",
        "meta": "@music-genre",
        "alias": "genre",
        "userDefined": false
      }
    ],
    "isTemplate": false,
    "count": 1,
    "lang": "en",
    "updated": 0
  },
  {
    "id": "6643ca23-f900-4961-9d9c-e948dbf6bc19",
    "data": [
      {
        "text": "Hip hop",
        "meta": "@music-genre",
        "alias": "genre",
        "userDefined": false
      }
    ],
    "isTemplate": false,
    "count": 0,
    "lang": "en",
    "updated": 0
  },
  {
    "id": "b58b49ac-e657-4869-a93d-5fd742bc5f2d",
    "data": [
      {
        "text": "Sure",
        "userDefined": false
      },
      {
        "text": ", I\u0027ve ",
        "userDefined": false
      },
      {
        "text": "always",
        "userDefined": false
      },
      {
        "text": " been fond of ",
        "userDefined": false
      },
      {
        "text": "Country",
        "meta": "@music-genre",
        "alias": "genre",
        "userDefined": false
      }
    ],
    "isTemplate": false,
    "count": 0,
    "lang": "en",
    "updated": 0
  },
  {
    "id": "b206544a-10d9-4ca5-b3d3-03b979abbd26",
    "data": [
      {
        "text": "ya I really ",
        "userDefined": false
      },
      {
        "text": "like",
        "userDefined": false
      },
      {
        "text": " ",
        "userDefined": false
      },
      {
        "text": "Rock",
        "meta": "@music-genre",
        "alias": "genre",
        "userDefined": false
      }
    ],
    "isTemplate": false,
    "count": 0,
    "lang": "en",
    "updated": 0
  }
]