[
  {
    "id": "26b6f9ab-0235-493d-8c92-6f7c7a277175",
    "data": [
      {
        "text": "what about released in the ",
        "userDefined": false
      },
      {
        "text": "2000s",
        "meta": "@decade",
        "alias": "decade",
        "userDefined": false
      }
    ],
    "isTemplate": false,
    "count": 0,
    "lang": "en",
    "updated": 0
  },
  {
    "id": "50a0c79d-bf8a-4259-8454-33bc2d65770b",
    "data": [
      {
        "text": "can you find stuff from ",
        "userDefined": false
      },
      {
        "text": "2012",
        "meta": "@decade",
        "alias": "decade",
        "userDefined": true
      },
      {
        "text": " or around that time",
        "userDefined": false
      }
    ],
    "isTemplate": false,
    "count": 0,
    "lang": "en",
    "updated": 0
  },
  {
    "id": "d4196226-240e-4ba0-b878-0d7564ce6047",
    "data": [
      {
        "text": "1940s",
        "meta": "@decade",
        "alias": "decade",
        "userDefined": false
      },
      {
        "text": " or something similar",
        "userDefined": false
      }
    ],
    "isTemplate": false,
    "count": 0,
    "lang": "en",
    "updated": 0
  },
  {
    "id": "b4808f5b-3e4f-4df8-95e6-a34f37196433",
    "data": [
      {
        "text": "can you find songs released around ",
        "userDefined": false
      },
      {
        "text": "1976",
        "meta": "@decade",
        "alias": "decade",
        "userDefined": true
      }
    ],
    "isTemplate": false,
    "count": 0,
    "lang": "en",
    "updated": 0
  },
  {
    "id": "0b72390f-d50b-440e-a89e-4d670b1df39d",
    "data": [
      {
        "text": "i love music released in the ",
        "userDefined": false
      },
      {
        "text": "60s",
        "meta": "@decade",
        "alias": "decade",
        "userDefined": false
      }
    ],
    "isTemplate": false,
    "count": 0,
    "lang": "en",
    "updated": 0
  },
  {
    "id": "6253e873-efa8-4f20-9bad-fd8626a31e13",
    "data": [
      {
        "text": "anything from ",
        "userDefined": false
      },
      {
        "text": "2000-2010",
        "meta": "@decade",
        "alias": "decade",
        "userDefined": true
      },
      {
        "text": " is good",
        "userDefined": false
      }
    ],
    "isTemplate": false,
    "count": 0,
    "lang": "en",
    "updated": 0
  },
  {
    "id": "0c6e0856-437c-48d1-88a9-535a3ddb0d4e",
    "data": [
      {
        "text": "why not from the late ",
        "userDefined": false
      },
      {
        "text": "1990s",
        "meta": "@decade",
        "alias": "decade",
        "userDefined": false
      }
    ],
    "isTemplate": false,
    "count": 0,
    "lang": "en",
    "updated": 0
  },
  {
    "id": "0d8e8738-6344-43ac-a59c-edda1579f4cb",
    "data": [
      {
        "text": "sure, something from around ",
        "userDefined": false
      },
      {
        "text": "2005",
        "meta": "@decade",
        "alias": "decade",
        "userDefined": true
      }
    ],
    "isTemplate": false,
    "count": 0,
    "lang": "en",
    "updated": 0
  },
  {
    "id": "c1827912-fac2-48ef-9f4d-3ccd6e873eb4",
    "data": [
      {
        "text": "got any around ",
        "userDefined": false
      },
      {
        "text": "1936",
        "meta": "@decade",
        "alias": "decade",
        "userDefined": true
      },
      {
        "text": "?",
        "userDefined": false
      }
    ],
    "isTemplate": false,
    "count": 0,
    "lang": "en",
    "updated": 0
  },
  {
    "id": "7b16ef7c-c6b4-4b99-9625-dab4adfd33a7",
    "data": [
      {
        "text": "anything from ",
        "userDefined": false
      },
      {
        "text": "1940s",
        "meta": "@decade",
        "alias": "decade",
        "userDefined": false
      }
    ],
    "isTemplate": false,
    "count": 0,
    "lang": "en",
    "updated": 0
  },
  {
    "id": "f96ce05d-b651-4489-9057-73ac870b27b2",
    "data": [
      {
        "text": "2010",
        "meta": "@decade",
        "alias": "decade",
        "userDefined": false
      },
      {
        "text": "ish if you have it",
        "userDefined": false
      }
    ],
    "isTemplate": false,
    "count": 1,
    "lang": "en",
    "updated": 0
  },
  {
    "id": "e38760a5-41d1-413b-a596-cd5792d5083a",
    "data": [
      {
        "text": "how about ",
        "userDefined": false
      },
      {
        "text": "2020s",
        "meta": "@decade",
        "alias": "decade",
        "userDefined": false
      }
    ],
    "isTemplate": false,
    "count": 0,
    "lang": "en",
    "updated": 0
  },
  {
    "id": "c5337970-68bd-4f17-b403-2f106118526a",
    "data": [
      {
        "text": "I want stuff from around ",
        "userDefined": false
      },
      {
        "text": "1995",
        "meta": "@decade",
        "alias": "decade",
        "userDefined": false
      }
    ],
    "isTemplate": false,
    "count": 0,
    "lang": "en",
    "updated": 0
  },
  {
    "id": "c8be7d09-4496-4475-b396-d58ef8e7fb35",
    "data": [
      {
        "text": "Can you recommend from around ",
        "userDefined": false
      },
      {
        "text": "1964",
        "meta": "@decade",
        "alias": "decade",
        "userDefined": true
      },
      {
        "text": "?",
        "userDefined": false
      }
    ],
    "isTemplate": false,
    "count": 0,
    "lang": "en",
    "updated": 0
  },
  {
    "id": "9358bf16-0dbe-4f87-bd13-1d8375ebb51b",
    "data": [
      {
        "text": "I was always fond of music from early ",
        "userDefined": false
      },
      {
        "text": "2000s",
        "meta": "@decade",
        "alias": "decade",
        "userDefined": false
      }
    ],
    "isTemplate": false,
    "count": 0,
    "lang": "en",
    "updated": 0
  },
  {
    "id": "f6cdca6c-6a01-4879-9b98-def7ffbbe5fb",
    "data": [
      {
        "text": "I love the sound of the ",
        "userDefined": false
      },
      {
        "text": "80s",
        "meta": "@decade",
        "alias": "decade",
        "userDefined": false
      }
    ],
    "isTemplate": false,
    "count": 0,
    "lang": "en",
    "updated": 0
  },
  {
    "id": "c997ec0f-a930-4d2f-9794-fd2bf5b11c11",
    "data": [
      {
        "text": "1960s",
        "meta": "@decade",
        "alias": "decade",
        "userDefined": false
      }
    ],
    "isTemplate": false,
    "count": 0,
    "lang": "en",
    "updated": 0
  },
  {
    "id": "1a5c2573-e88d-433b-82ec-2516c4a69df6",
    "data": [
      {
        "text": "2021",
        "meta": "@decade",
        "alias": "decade",
        "userDefined": false
      }
    ],
    "isTemplate": false,
    "count": 0,
    "lang": "en",
    "updated": 0
  },
  {
    "id": "71a5293c-4989-44fb-ba27-b303a0c6a6e9",
    "data": [
      {
        "text": "2020s",
        "meta": "@decade",
        "alias": "decade",
        "userDefined": false
      }
    ],
    "isTemplate": false,
    "count": 0,
    "lang": "en",
    "updated": 0
  },
  {
    "id": "40f36bf8-b485-453c-b562-9c7d345c05bd",
    "data": [
      {
        "text": "1970s",
        "meta": "@decade",
        "alias": "decade",
        "userDefined": false
      }
    ],
    "isTemplate": false,
    "count": 0,
    "lang": "en",
    "updated": 0
  },
  {
    "id": "a3a77629-b730-46f5-9732-fdf01a40b3a5",
    "data": [
      {
        "text": "1965",
        "meta": "@decade",
        "alias": "decade",
        "userDefined": true
      }
    ],
    "isTemplate": false,
    "count": 0,
    "lang": "en",
    "updated": 0
  }
]