[
  {
    "id": "fc484c64-c01c-4bd3-8dd5-e77e52f6e90b",
    "data": [
      {
        "text": "I\u0027d like to listen to something to make me ",
        "userDefined": false
      },
      {
        "text": "happier",
        "meta": "@mood",
        "alias": "mood",
        "userDefined": true
      }
    ],
    "isTemplate": false,
    "count": 0,
    "lang": "en",
    "updated": 0
  },
  {
    "id": "e4614566-67c0-4d5d-91ad-95593fe28919",
    "data": [
      {
        "text": "I need some more ",
        "userDefined": false
      },
      {
        "text": "romance",
        "meta": "@mood",
        "alias": "mood",
        "userDefined": true
      },
      {
        "text": " in my life",
        "userDefined": false
      }
    ],
    "isTemplate": false,
    "count": 0,
    "lang": "en",
    "updated": 0
  },
  {
    "id": "f278762f-1c68-4993-99a0-d13de6c79a98",
    "data": [
      {
        "text": "anything ",
        "userDefined": false
      },
      {
        "text": "romantic",
        "meta": "@mood",
        "alias": "mood",
        "userDefined": false
      },
      {
        "text": " would be perfect",
        "userDefined": false
      }
    ],
    "isTemplate": false,
    "count": 0,
    "lang": "en",
    "updated": 0
  },
  {
    "id": "fe906644-4a56-4958-8408-21b423317d79",
    "data": [
      {
        "text": "what about ",
        "userDefined": false
      },
      {
        "text": "romance",
        "meta": "@mood",
        "alias": "mood",
        "userDefined": true
      },
      {
        "text": " music",
        "userDefined": false
      }
    ],
    "isTemplate": false,
    "count": 0,
    "lang": "en",
    "updated": 0
  },
  {
    "id": "225fd169-bafb-484b-ade3-34e579b76358",
    "data": [
      {
        "text": "can you recommend some ",
        "userDefined": false
      },
      {
        "text": "energizing",
        "meta": "@mood",
        "alias": "mood",
        "userDefined": true
      },
      {
        "text": " songs",
        "userDefined": false
      }
    ],
    "isTemplate": false,
    "count": 0,
    "lang": "en",
    "updated": 0
  },
  {
    "id": "e321b0d5-0107-49e5-b574-49d336f8783c",
    "data": [
      {
        "text": "how about something ",
        "userDefined": false
      },
      {
        "text": "happy",
        "meta": "@mood",
        "alias": "mood",
        "userDefined": false
      }
    ],
    "isTemplate": false,
    "count": 0,
    "lang": "en",
    "updated": 0
  },
  {
    "id": "dcf5b73a-baf5-4690-8476-446f90ce2a37",
    "data": [
      {
        "text": "something ",
        "userDefined": false
      },
      {
        "text": "sad",
        "meta": "@mood",
        "alias": "mood",
        "userDefined": false
      }
    ],
    "isTemplate": false,
    "count": 0,
    "lang": "en",
    "updated": 0
  },
  {
    "id": "cb3d25c3-c7c9-4d95-b7cc-aff94f95482c",
    "data": [
      {
        "text": "I need something to ",
        "userDefined": false
      },
      {
        "text": "pump me up",
        "meta": "@mood",
        "alias": "mood",
        "userDefined": true
      }
    ],
    "isTemplate": false,
    "count": 0,
    "lang": "en",
    "updated": 0
  },
  {
    "id": "890c1114-3145-452f-90c9-34f418ac7185",
    "data": [
      {
        "text": "melancholy",
        "meta": "@mood",
        "alias": "mood",
        "userDefined": true
      },
      {
        "text": " has been on my mind a lot",
        "userDefined": false
      }
    ],
    "isTemplate": false,
    "count": 0,
    "lang": "en",
    "updated": 0
  },
  {
    "id": "13080ce3-8dd9-463b-8adf-05d3726518d5",
    "data": [
      {
        "text": "is there anything in your search to ",
        "userDefined": false
      },
      {
        "text": "calm me down",
        "meta": "@mood",
        "alias": "mood",
        "userDefined": true
      }
    ],
    "isTemplate": false,
    "count": 0,
    "lang": "en",
    "updated": 0
  },
  {
    "id": "81e18a63-2cee-494c-adbc-c2e32e9878f4",
    "data": [
      {
        "text": "do you have anything ",
        "userDefined": false
      },
      {
        "text": "calming",
        "meta": "@mood",
        "alias": "mood",
        "userDefined": true
      }
    ],
    "isTemplate": false,
    "count": 0,
    "lang": "en",
    "updated": 0
  },
  {
    "id": "26155c6e-c4cd-405d-87b2-a03aacbf4123",
    "data": [
      {
        "text": "id like to listen to something ",
        "userDefined": false
      },
      {
        "text": "soothing",
        "meta": "@mood",
        "alias": "mood",
        "userDefined": true
      }
    ],
    "isTemplate": false,
    "count": 0,
    "lang": "en",
    "updated": 0
  },
  {
    "id": "a19bfcf5-d488-4bff-8d0c-2a7f81630ff6",
    "data": [
      {
        "text": "Im ",
        "userDefined": false
      },
      {
        "text": "pretty",
        "userDefined": false
      },
      {
        "text": " ",
        "userDefined": false
      },
      {
        "text": "chill",
        "meta": "@mood",
        "alias": "mood",
        "userDefined": true
      }
    ],
    "isTemplate": false,
    "count": 0,
    "lang": "en",
    "updated": 0
  },
  {
    "id": "3f36f782-ab82-4e37-a0ab-0806d71117d7",
    "data": [
      {
        "text": "Im ",
        "userDefined": false
      },
      {
        "text": "thinking",
        "meta": "@mood",
        "alias": "mood",
        "userDefined": true
      },
      {
        "text": " a lot about my life",
        "userDefined": false
      }
    ],
    "isTemplate": false,
    "count": 0,
    "lang": "en",
    "updated": 0
  },
  {
    "id": "4bfddf8d-3b12-4edf-8ecd-35f0e51fd8d0",
    "data": [
      {
        "text": "nostalgic",
        "meta": "@mood",
        "alias": "mood",
        "userDefined": true
      }
    ],
    "isTemplate": false,
    "count": 0,
    "lang": "en",
    "updated": 0
  },
  {
    "id": "74ae2678-34f4-4941-9dee-c59e3d66a27b",
    "data": [
      {
        "text": "I am ",
        "userDefined": false
      },
      {
        "text": "hoping",
        "meta": "@mood",
        "alias": "mood",
        "userDefined": true
      },
      {
        "text": " for a good time",
        "userDefined": false
      }
    ],
    "isTemplate": false,
    "count": 0,
    "lang": "en",
    "updated": 0
  },
  {
    "id": "d819922b-7400-47c2-809e-9b99f8643ae1",
    "data": [
      {
        "text": "I\u0027m full of ",
        "userDefined": false
      },
      {
        "text": "hope",
        "meta": "@mood",
        "alias": "mood",
        "userDefined": true
      }
    ],
    "isTemplate": false,
    "count": 0,
    "lang": "en",
    "updated": 0
  },
  {
    "id": "235b973c-a2d3-4468-b7d7-839a50e28eef",
    "data": [
      {
        "text": "I\u0027m ",
        "userDefined": false
      },
      {
        "text": "excited",
        "meta": "@mood",
        "alias": "mood",
        "userDefined": true
      },
      {
        "text": " for my birthday",
        "userDefined": false
      }
    ],
    "isTemplate": false,
    "count": 0,
    "lang": "en",
    "updated": 0
  },
  {
    "id": "4751d1c4-c8e7-4829-8d8a-f6df60c506ec",
    "data": [
      {
        "text": "I feel really ",
        "userDefined": false
      },
      {
        "text": "down",
        "meta": "@mood",
        "alias": "mood",
        "userDefined": true
      },
      {
        "text": " lately",
        "userDefined": false
      }
    ],
    "isTemplate": false,
    "count": 0,
    "lang": "en",
    "updated": 0
  },
  {
    "id": "2a9fc0a5-c7ee-43b5-a323-5f76b1a7cef9",
    "data": [
      {
        "text": "angry",
        "meta": "@mood",
        "alias": "mood",
        "userDefined": true
      }
    ],
    "isTemplate": false,
    "count": 0,
    "lang": "en",
    "updated": 0
  },
  {
    "id": "8e7ef8c9-6206-4418-93f9-ed4bdf87f5d3",
    "data": [
      {
        "text": "sad",
        "meta": "@mood",
        "alias": "mood",
        "userDefined": true
      }
    ],
    "isTemplate": false,
    "count": 0,
    "lang": "en",
    "updated": 0
  },
  {
    "id": "c57464b9-bb18-476c-bec1-7945840a99b9",
    "data": [
      {
        "text": "happy",
        "meta": "@mood",
        "alias": "mood",
        "userDefined": false
      }
    ],
    "isTemplate": false,
    "count": 0,
    "lang": "en",
    "updated": 0
  }
]