[
  {
    "value": "1950s",
    "synonyms": [
      "1950s",
      "1955",
      "1959",
      "50s",
      "1950-1960"
    ]
  },
  {
    "value": "1960s",
    "synonyms": [
      "1960s",
      "1961",
      "1968",
      "60s",
      "1960-1970"
    ]
  },
  {
    "value": "1970s",
    "synonyms": [
      "1970s",
      "1972",
      "1973",
      "1979",
      "70s",
      "1970-1980"
    ]
  },
  {
    "value": "1980s",
    "synonyms": [
      "1980s",
      "1981",
      "1988",
      "80s",
      "1980-1990"
    ]
  },
  {
    "value": "1990s",
    "synonyms": [
      "1990s",
      "1999",
      "1995",
      "90s",
      "1990-2000"
    ]
  },
  {
    "value": "2000s",
    "synonyms": [
      "2000s",
      "2001",
      "2003",
      "2009",
      "00s",
      "2000-2010"
    ]
  },
  {
    "value": "2010s",
    "synonyms": [
      "2010s",
      "2018",
      "2017",
      "10s",
      "2010-2020"
    ]
  },
  {
    "value": "2020s",
    "synonyms": [
      "2020s",
      "2023",
      "2021",
      "2022",
      "20s",
      "2020-2030"
    ]
  },
  {
    "value": "1940s",
    "synonyms": [
      "1940s",
      "1945",
      "1948",
      "40s",
      "1940-1950"
    ]
  },
  {
    "value": "1930s",
    "synonyms": [
      "1930s",
      "1932",
      "1939",
      "30s",
      "1930-1940"
    ]
  }
]