[
  {
    "value": "Happy",
    "synonyms": [
      "Happy",
      "happy",
      "very happy",
      "very Happy",
      "Very Happy",
      "cheerful",
      "joyful",
      "delighted",
      "glad",
      "lively",
      "up",
      "high",
      "celebration",
      "bash",
      "party",
      "gala",
      "festivity",
      "festival",
      "birthday",
      "jubilate",
      "jubilation",
      "content",
      "pleased",
      "ecstatic",
      "elated",
      "thrilled",
      "merry",
      "overjoyed",
      "joyous",
      "jovial",
      "exhilerated",
      "jubilant",
      "blissful",
      "satisfied",
      "grateful",
      "cheery",
      "radiant",
      "euphoric",
      "gleeful",
      "carefree",
      "high spirited",
      "fulfilled",
      "make me happy",
      "happier",
      "cheerfulness"
    ]
  },
  {
    "value": "Sad",
    "synonyms": [
      "Sad",
      "sad",
      "down",
      "Not ok",
      "depressed",
      "bitter",
      "low",
      "unhappy",
      "weeping",
      "not happy",
      "hurting",
      "downcasted",
      "downcast",
      "crying",
      "mourning",
      "grief",
      "grieving",
      "bereaved",
      "bereavement",
      "lost someone",
      "dead",
      "die",
      "death",
      "mourn",
      "melancholy",
      "sorrowful",
      "mournful",
      "gloomy",
      "dejected",
      "despondent",
      "blue",
      "dismal",
      "woeful",
      "forlorn",
      "wretched",
      "desolate",
      "somber",
      "heartbroken",
      "disheartened",
      "crestfallen",
      "tragic",
      "morose",
      "weary",
      "doleful",
      "long-faced",
      "long faced",
      "lamentable",
      "tearful",
      "heavy-hearted",
      "heavy hearted",
      "sullen",
      "make me sad",
      "sadder"
    ]
  },
  {
    "value": "Romantic",
    "synonyms": [
      "love",
      "in love",
      "lover",
      "initmate",
      "attached",
      "like",
      "liking",
      "loved",
      "loves",
      "loving",
      "affection",
      "love ones",
      "falling for",
      "enamored",
      "infatuated",
      "infatuation",
      "romantic",
      "Romantic",
      "romance",
      "amorous",
      "passionate",
      "affectionate",
      "sentimental",
      "tender",
      "adoring",
      "adore",
      "devoted",
      "charming",
      "enchanting",
      "sweeping",
      "dreamy",
      "heartfelt",
      "fond",
      "alluring",
      "attractive",
      "attracting",
      "swooning",
      "desirous",
      "enraptured",
      "courtly",
      "poetic",
      "caring"
    ]
  },
  {
    "value": "Energetic",
    "synonyms": [
      "Energetic",
      "dynamic",
      "vigorous",
      "lively",
      "spirited",
      "active",
      "brisk",
      "exuberant",
      "animated",
      "bouncy",
      "peppy",
      "zesty",
      "sprightly",
      "robust",
      "high-spirited",
      "buoyant",
      "energetical",
      "vehement",
      "chipper",
      "vibrant",
      "full of life",
      "zealous",
      "eager",
      "enthusiastic",
      "upbeat",
      "sparkling",
      "zippy",
      "effervescent",
      "rousing",
      "perky",
      "excited",
      "energize me",
      "pump me up"
    ]
  },
  {
    "value": "Reflective",
    "synonyms": [
      "Reflective",
      "pensive",
      "contemplative",
      "throughtful",
      "introspective",
      "instrospection",
      "thinking about life",
      "contemplating",
      "deliberative",
      "deliberating",
      "ruminative",
      "ruminating",
      "philosophy",
      "philosophical",
      "brooding",
      "musing",
      "longing",
      "wistful",
      "reminiscent",
      "yearning",
      "evocative",
      "regretful",
      "homesick",
      "bittersweet",
      "nostalgic",
      "nostalgia"
    ]
  },
  {
    "value": "Calm",
    "synonyms": [
      "Calm",
      "serene",
      "tranquil",
      "peaceful",
      "at peace",
      "quiet",
      "still",
      "relaxed",
      "relaxing",
      "placid",
      "soothing",
      "undisturbed",
      "untroubled",
      "reposeful",
      "hushed",
      "mild",
      "gentle",
      "easygoing",
      "easy-going",
      "composed",
      "collected",
      "cool",
      "restful",
      "chill",
      "harmonious",
      "unruffled",
      "pacified",
      "quietude",
      "leisurely",
      "leisure",
      "calming",
      "meditative",
      "calm me down",
      "calmer"
    ]
  },
  {
    "value": "Inspiring",
    "synonyms": [
      "Inspiring",
      "motivating",
      "encouraging",
      "uplifting",
      "stimulating",
      "influential",
      "inspirational",
      "empowering",
      "fostering",
      "moving",
      "propelling",
      "spurring",
      "impelling",
      "galvanizing",
      "galvanized",
      "activated",
      "activating",
      "instigating",
      "driving",
      "driven",
      "encouraged",
      "encourage",
      "awakened",
      "awakening",
      "invigorated",
      "invigorating",
      "emboldened",
      "strengthened",
      "strengthen",
      "inspire me"
    ]
  },
  {
    "value": "Hopeful",
    "synonyms": [
      "Hopeful",
      "optimistic",
      "confident",
      "positive",
      "encouraging",
      "promising",
      "assured",
      "bright",
      "expectant",
      "reassured",
      "rejuvenated",
      "ambitious",
      "trusting",
      "believing",
      "receptive",
      "heartened",
      "positive minded",
      "thinking positively",
      "resilient",
      "satisfied"
    ]
  }
]