[
  {
    "value": "Hip Hop",
    "synonyms": [
      "Hip Hop",
      "hip-hop"
    ]
  },
  {
    "value": "Rap",
    "synonyms": [
      "Rap"
    ]
  },
  {
    "value": "Pop",
    "synonyms": [
      "Pop"
    ]
  },
  {
    "value": "Dance",
    "synonyms": [
      "Dance"
    ]
  },
  {
    "value": "Romantic",
    "synonyms": [
      "Romantic"
    ]
  },
  {
    "value": "Trap",
    "synonyms": [
      "Trap"
    ]
  },
  {
    "value": "K-Pop",
    "synonyms": [
      "K-Pop",
      "Korean Pop",
      "KPop"
    ]
  },
  {
    "value": "K-Rock",
    "synonyms": [
      "K-Rock",
      "Korean Rock",
      "KRock"
    ]
  },
  {
    "value": "Indie",
    "synonyms": [
      "Indie"
    ]
  },
  {
    "value": "Rock Alternative",
    "synonyms": [
      "Rock Alternative",
      "Alt Rock",
      "Alternative Rock"
    ]
  },
  {
    "value": "Rock",
    "synonyms": [
      "Rock",
      "rock"
    ]
  },
  {
    "value": "R\u0026B",
    "synonyms": [
      "R\u0026B",
      "Rhythm and Blues",
      "Rhythm \u0026 Blues"
    ]
  },
  {
    "value": "Soul Music",
    "synonyms": [
      "Soul Music"
    ]
  },
  {
    "value": "Trip-Hop",
    "synonyms": [
      "Trip-Hop",
      "Trip Hop"
    ]
  },
  {
    "value": "Piano Rock",
    "synonyms": [
      "Piano Rock"
    ]
  },
  {
    "value": "Soft Rock",
    "synonyms": [
      "Soft Rock"
    ]
  },
  {
    "value": "House",
    "synonyms": [
      "House"
    ]
  },
  {
    "value": "Electronica",
    "synonyms": [
      "Electronica",
      "Electronic"
    ]
  },
  {
    "value": "Black Music",
    "synonyms": [
      "Black Music"
    ]
  },
  {
    "value": "New Wave",
    "synonyms": [
      "New Wave"
    ]
  },
  {
    "value": "Punk Rock",
    "synonyms": [
      "Punk Rock"
    ]
  },
  {
    "value": "Punk",
    "synonyms": [
      "Punk"
    ]
  },
  {
    "value": "Hard Rock",
    "synonyms": [
      "Hard Rock"
    ]
  },
  {
    "value": "Folk",
    "synonyms": [
      "Folk"
    ]
  },
  {
    "value": "Soundtrack",
    "synonyms": [
      "Soundtrack"
    ]
  },
  {
    "value": "Surf Music",
    "synonyms": [
      "Surf Music"
    ]
  },
  {
    "value": "Country",
    "synonyms": [
      "Country"
    ]
  },
  {
    "value": "Grunge",
    "synonyms": [
      "Grunge"
    ]
  },
  {
    "value": "Progressive",
    "synonyms": [
      "Progressive"
    ]
  },
  {
    "value": "Hardcore",
    "synonyms": [
      "Hardcore"
    ]
  },
  {
    "value": "Heavy Metal",
    "synonyms": [
      "Heavy Metal"
    ]
  },
  {
    "value": "Techno-Pop",
    "synonyms": [
      "Techno-Pop",
      "Techno Pop"
    ]
  },
  {
    "value": "Chillout",
    "synonyms": [
      "Chillout",
      "Chill"
    ]
  },
  {
    "value": "Psychedelic",
    "synonyms": [
      "Psychedelic"
    ]
  },
  {
    "value": "Disco",
    "synonyms": [
      "Disco"
    ]
  },
  {
    "value": "Gothic",
    "synonyms": [
      "Gothic"
    ]
  },
  {
    "value": "Post-Punk",
    "synonyms": [
      "Post-Punk",
      "Post Punk"
    ]
  },
  {
    "value": "Reggae",
    "synonyms": [
      "Reggae"
    ]
  },
  {
    "value": "Blues",
    "synonyms": [
      "Blues"
    ]
  },
  {
    "value": "Gospel",
    "synonyms": [
      "Gospel"
    ]
  },
  {
    "value": "Religious",
    "synonyms": [
      "Religious"
    ]
  },
  {
    "value": "Ska",
    "synonyms": [
      "Ska"
    ]
  },
  {
    "value": "Rockabilly",
    "synonyms": [
      "Rockabilly"
    ]
  },
  {
    "value": "Tropical House",
    "synonyms": [
      "Tropical House"
    ]
  },
  {
    "value": "Post-Rock",
    "synonyms": [
      "Post-Rock",
      "Post Rock"
    ]
  },
  {
    "value": "Funk",
    "synonyms": [
      "Funk"
    ]
  },
  {
    "value": "Power-Pop",
    "synonyms": [
      "Power-Pop",
      "Power Pop"
    ]
  },
  {
    "value": "Jazz",
    "synonyms": [
      "Jazz"
    ]
  },
  {
    "value": "Industrial",
    "synonyms": [
      "Industrial"
    ]
  },
  {
    "value": "Classical",
    "synonyms": [
      "Classical"
    ]
  },
  {
    "value": "New Age",
    "synonyms": [
      "New Age"
    ]
  },
  {
    "value": "Bossa Nova",
    "synonyms": [
      "Bossa Nova"
    ]
  },
  {
    "value": "Instrumental",
    "synonyms": [
      "Instrumental"
    ]
  },
  {
    "value": "World Music",
    "synonyms": [
      "World Music"
    ]
  },
  {
    "value": "Emocore",
    "synonyms": [
      "Emocore",
      "Emo-core",
      "Emo Core"
    ]
  },
  {
    "value": "Classic Rock",
    "synonyms": [
      "Classic Rock"
    ]
  },
  {
    "value": "Lo-fi",
    "synonyms": [
      "Lo-fi",
      "low-fi",
      "low fidelity"
    ]
  },
  {
    "value": "Trance",
    "synonyms": [
      "Trance"
    ]
  },
  {
    "value": "Axé",
    "synonyms": [
      "Axé"
    ]
  },
  {
    "value": "Funk Carioca",
    "synonyms": [
      "Funk Carioca"
    ]
  },
  {
    "value": "Electro Swing",
    "synonyms": [
      "Electro Swing"
    ]
  },
  {
    "value": "J-Pop",
    "synonyms": [
      "J-Pop",
      "Japanese Pop",
      "JPop"
    ]
  },
  {
    "value": "J-Rock",
    "synonyms": [
      "J-Rock",
      "Japanese Rock",
      "JRock"
    ]
  },
  {
    "value": "Fado",
    "synonyms": [
      "Fado"
    ]
  },
  {
    "value": "Jovem Guarda",
    "synonyms": [
      "Jovem Guarda"
    ]
  },
  {
    "value": "Metal",
    "synonyms": [
      "Metal"
    ]
  },
  {
    "value": "Sertanejo",
    "synonyms": [
      "Sertanejo"
    ]
  },
  {
    "value": "Forró",
    "synonyms": [
      "Forró"
    ]
  },
  {
    "value": "MPB",
    "synonyms": [
      "MPB"
    ]
  },
  {
    "value": "Velha Guarda",
    "synonyms": [
      "Velha Guarda"
    ]
  },
  {
    "value": "Reggaeton",
    "synonyms": [
      "Reggaeton"
    ]
  },
  {
    "value": "Samba",
    "synonyms": [
      "Samba"
    ]
  },
  {
    "value": "Infantil",
    "synonyms": [
      "Infantil"
    ]
  }
]